Company;Product;Energy_kcal;Carbs_g;Protein_g;Fat_g;Price_TL;Category;Protein_Source;Size;Brand_Tier;Calorie_per_TL;Protein_per_TL;Fat_Ratio;Protein_Ratio;Carb_Ratio;Is_Premium;Total_Macros_g;Price_per_Macro_g;Price_Segment
Burger King;Rodeo Whopper;988,21;60,28;37,86;87,17;390;Burger;Beef;Regular;Global Chain;2,53;0,0971;79,4;15,3;24,4;0;185,3;2,1;Above Median
Burger King;Planty Whopper;582,61;56,76;24,06;35,88;340;Burger;Vegetarian;Regular;Global Chain;1,71;0,0708;55,4;16,5;39;0;116,7;2,91;Below Median
Burger King;King Beef Burger;1283,35;51,4;47,34;119,88;530;Burger;Beef;Regular;Global Chain;2,42;0,0893;84,1;14,8;16;1;218,6;2,42;Above Median
Burger King;Trüflü King Beef Burger;1325,35;50,69;47,71;102,26;530;Burger;Beef;Regular;Global Chain;2,5;0,09;69,4;14,4;15,3;1;200,7;2,64;Above Median
Burger King;Chicken Big King;671,35;55,36;28,46;37,15;285;Burger;Chicken;Regular;Global Chain;2,36;0,0999;49,8;17;33;1;121;2,36;Below Median
Burger King;Köfteburger;357,7;29;12;21,07;285;Burger;Beef;Regular;Global Chain;1,26;0,0421;53;13,4;32,4;0;62,1;4,59;Below Median
Burger King;Klasik Gurme Tavuk;698,84;62,32;32,11;44,59;300;Sandwich;Chicken;Regular;Global Chain;2,33;0,107;57,4;18,4;35,7;1;139;2,16;Below Median
Burger King;Spicy Gurme Tavuk;632,16;63,1;32,25;36,92;300;Sandwich;Chicken;Regular;Global Chain;2,11;0,1075;52,6;20,4;39,9;1;132,3;2,27;Below Median
Burger King;Big King;600,69;43,59;28,71;47,18;375;Burger;Beef;Regular;Global Chain;1,6;0,0766;70,7;19,1;29;1;119,5;3,14;Above Median
Burger King;Hamburger;245,61;28,88;10,61;14,93;265;Burger;Beef;Regular;Global Chain;0,93;0,04;54,7;17,3;47;0;54,4;4,87;Below Median
Burger King;Double Cheeseburger;465,04;29,88;29,06;25,78;360;Burger;Beef;Large;Global Chain;1,29;0,0807;49,9;25;25,7;1;84,7;4,25;Above Median
Burger King;King Boy Patates;490,67;68,66;5,54;21,54;90;Side;None/Vegetarian;Large;Global Chain;5,45;0,0616;39,5;4,5;56;1;95,7;0,94;Below Median
Burger King;Büyük Boy Patates;409,85;57,35;4,63;17,99;85;Side;None/Vegetarian;Large;Global Chain;4,82;0,0545;39,5;4,5;56;0;80;1,06;Below Median
Burger King;Orta Boy Patates;334,81;46,85;3,78;14,07;80;Side;None/Vegetarian;Medium;Global Chain;4,19;0,0472;37,8;4,5;56;0;64,7;1,24;Below Median
Burger King;Küçük Boy Patates;213,59;29,89;2,41;9,38;75;Side;None/Vegetarian;Small;Global Chain;2,85;0,0321;39,5;4,5;56;0;41,7;1,8;Below Median
Burger King;Dev Kutu Boy Patates;1050,61;147,02;11,87;46,12;125;Side;None/Vegetarian;Large;Global Chain;8,4;0,095;39,5;4,5;56;0;205;0,61;Below Median
Burger King;Kova Boy Patates;704,26;98,55;7,95;30,91;110;Side;None/Vegetarian;Large;Global Chain;6,4;0,0723;39,5;4,5;56;0;137,4;0,8;Below Median
Burger King;Küçük Boy Tırtıklı Patates;210,6;23,06;1,82;11,64;75;Side;None/Vegetarian;Small;Global Chain;2,81;0,0243;49,7;3,5;43,8;0;36,5;2,05;Below Median
Burger King;Orta Boy Tırtıklı Patates;327,24;36,66;2,83;18,08;80;Side;None/Vegetarian;Medium;Global Chain;4,09;0,0354;49,7;3,5;44,8;0;57,6;1,39;Below Median
Burger King;Büyük Boy Tırtıklı Patates;395,28;44,29;3,42;21,84;85;Side;None/Vegetarian;Large;Global Chain;4,65;0,0402;49,7;3,5;44,8;0;69,6;1,22;Below Median
Burger King;King Boy Tırtıklı Patates;460,08;51,55;3,98;25,42;90;Side;None/Vegetarian;Large;Global Chain;5,11;0,0442;49,7;3,5;44,8;1;80,9;1,11;Below Median
Burger King;Dev Kutu Boy Tırtıklı Patates;1215;136,13;10,05;67,13;125;Side;None/Vegetarian;Large;Global Chain;9,72;0,0804;49,7;3,3;44,8;0;213,3;0,59;Below Median
Burger King;Kova Boy Tırtıklı Patates;790,56;88,57;6,83;43,68;110;Side;None/Vegetarian;Large;Global Chain;7,19;0,0621;49,7;3,5;44,8;0;139,1;0,79;Below Median
Burger King;8'li Soğan Halkası;258,91;31,82;3,85;12,95;80;Side;None/Vegetarian;Regular;Global Chain;3,24;0,0481;45;5,9;49,2;0;48,6;1,65;Below Median
Burger King;12'li Soğan Halkası;388,37;47,73;5,78;19,43;95;Side;None/Vegetarian;Regular;Global Chain;4,09;0,0608;45;6;49,2;0;72,9;1,3;Below Median
Burger King;16'lı Soğan Halkası;499,97;61,45;7,44;25,02;110;Side;None/Vegetarian;Regular;Global Chain;4,55;0,0676;45;6;49,2;0;93,9;1,17;Below Median
Burger King;9'lu Çıtır Peynir;620,28;46,31;23,69;37,8;150;Side;None/Vegetarian;Regular;Global Chain;4,14;0,1579;54,8;15,3;29,9;0;107,8;1,39;Below Median
Burger King;6'lı Çıtır Peynir;413,52;30,88;15,79;25,02;120;Side;None/Vegetarian;Regular;Global Chain;3,45;0,1316;54,5;15,3;29,9;0;71,7;1,67;Below Median
Burger King;4'lü Çıtır Peynir;275,68;20,58;10,53;16,08;100;Side;None/Vegetarian;Small;Global Chain;2,76;0,1053;52,5;15,3;29,9;0;47,2;2,12;Below Median
Burger King;6'lı BK King Nuggets;206,23;1,09;15,07;12,11;110;Nuggets;Chicken;Regular;Global Chain;1,87;0,137;52,8;29,2;2,1;1;28,3;3,89;Below Median
Burger King;9'lu BK King Nuggets;309,34;13,09;22,61;18,16;125;Nuggets;Chicken;Regular;Global Chain;2,47;0,1809;52,8;29,2;16,9;1;53,9;2,32;Below Median
Burger King;6'lı Chicken Tenders;237,12;16,09;12,38;13,25;110;Chicken Piece;Chicken;Regular;Global Chain;2,16;0,1125;50,3;20,9;27,1;0;41,7;2,64;Below Median
Burger King;9'lu Chicken Tenders;355,68;25,34;18,58;19,87;125;Chicken Piece;Chicken;Regular;Global Chain;2,85;0,1486;50,3;20,9;28,5;0;63,8;1,96;Below Median
McDonald's;Hamburger;241,2;30,04;13,05;7,07;325;Burger;Beef;Regular;Global Chain;0,74;0,0402;26,4;21,6;49,8;0;50,2;6,47;Below Median
McDonald's;Cheeseburger;287,2;30,09;16,03;11,03;335;Burger;Beef;Regular;Global Chain;0,86;0,0479;34,6;22,3;41,9;0;57,2;5,86;Below Median
McDonald's;Double Cheeseburger;422,7;32;28;20,08;405;Burger;Beef;Large;Global Chain;1,04;0,0691;42,8;26,5;30,3;1;80,1;5,06;Above Median
McDonald's;Big Mac;492,9;44,3;27,08;23,08;425;Burger;Beef;Regular;Global Chain;1,16;0,0637;42,1;22;36;0;94,5;4,5;Above Median
McDonald's;Double Big Mac;672,2;45,3;45,5;35,4;525;Burger;Beef;Large;Global Chain;1,28;0,0867;47,4;27,1;27;1;126,2;4,16;Above Median
McDonald's;Quarter Pounder;539,6;42,6;35,6;25,08;440;Burger;Beef;Regular;Global Chain;1,23;0,0809;41,8;26,4;31,6;0;103,3;4,26;Above Median
McDonald's;Double Quarter Pounder;764,8;39,8;58,8;41,8;560;Burger;Beef;Large;Global Chain;1,37;0,105;49,2;30,8;20,8;1;140,4;3,99;Above Median
McDonald's;Köfteburger;391,3;42;13,05;19,07;330;Burger;Beef;Regular;Global Chain;1,19;0,0395;43,9;13,3;42,9;0;74,1;4,45;Below Median
McDonald's;Double Köfteburger;517,9;48,7;17,07;29,04;380;Burger;Beef;Large;Global Chain;1,36;0,0449;50,5;13,2;37,6;1;94,8;4,01;Above Median
McDonald's;McRoyal;509,4;45,7;33,4;22,03;440;Burger;Beef;Regular;Global Chain;1,16;0,0759;38,9;26,2;35,9;0;101,1;4,35;Above Median
McDonald's;McChicken;360,5;53,5;17,05;10;335;Sandwich;Chicken;Regular;Global Chain;1,08;0,0509;25;18,9;59,4;0;80,6;4,16;Below Median
McDonald's;Double McChicken;505,8;64,5;28,01;17,03;375;Sandwich;Chicken;Large;Global Chain;1,35;0,0747;30,3;22,2;51;1;109,5;3,42;Above Median
McDonald's;Daba Daba Burger;409,2;36,8;16,03;24,04;360;Burger;Beef;Regular;Global Chain;1,14;0,0445;52,9;15,7;36;0;76,9;4,68;Above Median
McDonald's;Çıtır Tavuk;377;49,7;11,07;16,03;290;Sandwich;Chicken;Regular;Global Chain;1,3;0,0382;38,3;11,7;52,7;0;76,8;3,78;Below Median
McDonald's;Double Acılı Tavuk;532,6;72,8;40,9;12,02;360;Sandwich;Chicken;Large;Global Chain;1,48;0,1136;20,3;30,7;54,7;1;125,7;2,86;Above Median
McDonald's;Acılı Tavuk;379,8;59,1;24,01;7,04;360;Sandwich;Chicken;Regular;Global Chain;1,06;0,0667;16,7;25,3;62,2;0;90,2;3,99;Above Median
McDonald's;Showburger Etli Barbekü Soslu;550;52,3;25,07;27,08;425;Burger;Beef;Regular;Global Chain;1,29;0,059;44,3;18,2;38;1;104,4;4,07;Above Median
McDonald's;Showburger Etli Karabiber Soslu;583,5;48;25,07;33,4;425;Burger;Beef;Regular;Global Chain;1,37;0,059;51,5;17,2;32,9;1;106,5;3,99;Above Median
McDonald's;Showburger Tavuklu Buffalo Soslu;519,5;54,1;29,07;22,05;360;Burger;Chicken;Regular;Global Chain;1,44;0,0808;38,2;22,4;41,7;1;105,2;3,42;Above Median
McDonald's;Showburger Tavuklu Karabiber Soslu;521,4;53,9;29,08;22,08;360;Burger;Chicken;Regular;Global Chain;1,45;0,0808;38,1;22,3;41,4;1;105,1;3,43;Above Median
McDonald's;Chicken McNuggets 4'lü;147,1;9,04;12,09;6,09;335;Nuggets;Chicken;Small;Global Chain;0,44;0,0361;37,3;32,9;24,6;0;27,2;12,32;Below Median
McDonald's;Chicken McNuggets 6'lı;220,6;14,01;19,03;10,03;335;Nuggets;Chicken;Regular;Global Chain;0,66;0,0568;40,9;34,5;25,4;0;43,1;7,77;Below Median
McDonald's;Çıtır Soğan 10'lu;383;55,5;5,04;15,09;335;Chicken Piece;Mixed/Processed Meat;Regular;Global Chain;1,14;0,015;35,5;5,3;58;0;75,6;4,43;Below Median
McDonald's;Acılı McBites;267,3;17,02;15,09;15,03;335;Chicken Piece;Mixed/Processed Meat;Regular;Global Chain;0,8;0,045;50,6;22,6;25,5;0;47,1;7,11;Below Median
McDonald's;Patates Kızartması - Küçük Boy;240,3;34,2;3,02;10,06;75;Side;None/Vegetarian;Small;Global Chain;3,2;0,0403;37,7;5;56,9;0;47,3;1,59;Below Median
McDonald's;Patates Kızartması - Orta Boy;310;44,1;4,01;13,06;80;Side;None/Vegetarian;Medium;Global Chain;3,88;0,0501;37,9;5,2;56,9;0;61,2;1,31;Below Median
McDonald's;Patates Kızartması - Büyük Boy;434,9;61,9;5,07;19,01;85;Side;None/Vegetarian;Large;Global Chain;5,12;0,0596;39,3;4,7;56,9;0;86;0,99;Below Median
McDonald's;Patates Kızartması - Süper Boy;511,8;72,8;6,07;22,05;90;Side;None/Vegetarian;Large;Global Chain;5,69;0,0674;38,8;4,7;56,9;0;100,9;0,89;Below Median
McDonald's;Akdeniz Salata;121,7;6,03;6,09;7,07;290;Side;None/Vegetarian;Regular;Global Chain;0,42;0,021;52,3;20;19,8;0;19,2;15,1;Below Median
McDonald's;Acılı Chicken McBites Salata;236,3;19,03;15;11,09;290;Chicken Piece;Chicken;Regular;Global Chain;0,81;0,0517;42,2;25,4;32,2;0;45,1;6,43;Below Median
McDonald's;Küçük Salata;22,09;3,03;1;0,6;150;Side;None/Vegetarian;Small;Global Chain;0,15;0,0067;24,4;18,1;54,9;0;4,6;32,61;Below Median
McDonald's;Happy Meal - Hamburgerli Menü;363,6;39,5;14,09;13,08;325;Kids Menu;Beef;Regular;Global Chain;1,12;0,0434;32,4;15,5;43,5;0;66,7;4,87;Below Median
McDonald's;Happy Meal - Nugget'lı Menü;305,1;22,01;11,07;16,07;325;Kids Menu;Chicken;Regular;Global Chain;0,94;0,0341;47,4;14,5;28,9;0;49,2;6,61;Below Median
McDonald's;Happy Meal - Çıtır Tavuklu Menü;499,3;58,9;13,01;22,04;325;Kids Menu;Chicken;Regular;Global Chain;1,54;0,04;39,7;10,4;47,2;0;93,9;3,46;Below Median
McDonald's;Happy Meal - Cheeseburgerli Menü;409,5;40,1;17,07;17,04;335;Kids Menu;Beef;Regular;Global Chain;1,22;0,051;37,5;16,7;39,2;0;74,2;4,51;Below Median
McDonald's;Kaşarlı-Sucuklu Karışık Tost;430,5;57,5;17,06;15,09;335;Sandwich;Beef;Regular;Global Chain;1,29;0,0509;31,5;15,9;53,4;0;89,6;3,74;Below Median
McDonald's;Mozarellalı Focaccia Sandviç;371;47,7;17,01;13,05;335;Sandwich;Mixed/Processed Meat;Regular;Global Chain;1,11;0,0508;31,7;18,3;51,4;0;77,8;4,31;Below Median
McDonald's;Dil Peynirli Sandviç;390,4;48,2;20,06;13,08;335;Sandwich;Mixed/Processed Meat;Regular;Global Chain;1,17;0,0599;30,2;20,6;49,4;0;81,3;4,12;Below Median
Domino's Pizza;Simply Cheese (Classic Crust);180;26,08;6,09;4,06;340;Pizza;Vegetarian;Regular;Global Chain;0,53;0,0179;20,3;13,5;58;0;36,2;9,39;Below Median
Domino's Pizza;Beef & Onion (Classic Crust);180;28,09;6,05;4;395;Pizza;Beef;Regular;Global Chain;0,46;0,0153;20;13,4;62,4;0;38,1;10,37;Above Median
Domino's Pizza;Veg Trio (Classic Crust);158;26,04;5,08;3;395;Pizza;Vegetarian;Regular;Global Chain;0,4;0,0129;17,1;12,9;65,9;0;34,1;11,58;Above Median
Domino's Pizza;Cheesy GGarlic Pizza (Classic Crust);178;26,07;6;5;435;Pizza;Vegetarian;Regular;Global Chain;0,41;0,0138;25,3;13,5;58,6;0;37,1;11,73;Above Median
Domino's Pizza;Pepperoni (Classic Crust);176;26,05;6,04;4,06;395;Pizza;Mixed/Processed Meat;Regular;Global Chain;0,45;0,0153;20,8;13,7;59,2;0;36,2;10,91;Above Median
Domino's Pizza;Hawaiian (Classic Crust);179;28,04;6,05;3,09;395;Pizza;Mixed/Processed Meat;Regular;Global Chain;0,45;0,0153;15,5;13,5;62,7;0;37,2;10,62;Above Median
Domino's Pizza;Ham & Cheese (Classic Crust);174;27,01;6,06;4;395;Pizza;Mixed/Processed Meat;Regular;Global Chain;0,44;0,0153;20,7;13,9;62,1;0;37,1;10,65;Above Median
Domino's Pizza;Margherita (Classic Crust);167;26,07;6,01;3,05;340;Pizza;Vegetarian;Regular;Global Chain;0,49;0,0177;16,4;14,4;62,4;0;35,1;9,69;Below Median
Domino's Pizza;BBQ Hot Dog (Classic Crust);140;17;5,08;5,03;410;Pizza;Mixed/Processed Meat;Regular;Global Chain;0,34;0,0124;32,3;14,5;48,6;0;27,1;15,13;Above Median
Domino's Pizza;BBQ Sausage and Onion (Classic Crust);128;18,01;5;3,08;410;Pizza;Mixed/Processed Meat;Regular;Global Chain;0,31;0,0122;21,7;15,6;56,3;0;26,1;15,71;Above Median
Domino's Pizza;Spicy Masala Margherita (Classic Crust);167;26,04;5,05;4,03;380;Pizza;Vegetarian;Regular;Global Chain;0,44;0,0133;21,7;12,1;62,4;0;35,1;10,83;Above Median
Domino's Pizza;Simply Cheese Cheesy Crust;233;27,07;10,01;8,06;430;Pizza;Vegetarian;Regular;Global Chain;0,54;0,0233;31,1;17,2;46,5;0;45,1;9,53;Above Median
Domino's Pizza;Pepperoni Cheesy Crust;230;27,04;9,07;8,07;430;Pizza;Mixed/Processed Meat;Regular;Global Chain;0,53;0,0211;31,6;15,8;47;0;44,2;9,73;Above Median
Domino's Pizza;Creamy Mushroom and Veg (Classic Crust);163;25,08;5,08;3,08;340;Pizza;Vegetarian;Regular;Global Chain;0,48;0,0149;17;12,5;61,5;0;33,2;10,24;Below Median
Domino's Pizza;Vegorama (Classic Crust);168;27,04;5,09;3,05;395;Pizza;Vegetarian;Regular;Global Chain;0,43;0,0129;16,3;12,1;64,4;0;35,2;11,22;Above Median
Domino's Pizza;Mega Pepperoni (Classic Crust);204;26,07;7,08;7;410;Pizza;Mixed/Processed Meat;Large;Global Chain;0,5;0,0173;30,9;13,9;51,1;1;40,2;10,2;Above Median
Domino's Pizza;3 Meats (Classic Crust);195;26,09;7,08;5,08;410;Pizza;Mixed/Processed Meat;Regular;Global Chain;0,48;0,0173;23,4;14,5;53,5;0;38,2;10,73;Above Median
Domino's Pizza;Spicy Lovers (Classic Crust);178;26,08;6,05;4,06;410;Pizza;Mixed/Processed Meat;Regular;Global Chain;0,43;0,0148;20,5;13,6;58,6;0;36,2;11,33;Above Median
Domino's Pizza;Cheese Deluxe (Classic Crust);182;26,02;7,02;5,02;435;Pizza;Vegetarian;Regular;Global Chain;0,42;0,0161;24,8;15,4;57,2;1;38,1;11,42;Above Median
Domino's Pizza;Manuka Hot Honey (Classic Crust);196;28,07;7,02;5,06;410;Pizza;Mixed/Processed Meat;Regular;Global Chain;0,48;0,0171;23,2;14,3;57,3;0;40,2;10,2;Above Median
Domino's Pizza;Smokey BBQ Chicken (Classic Crust);167;27,05;7;2,09;410;Pizza;Chicken;Regular;Global Chain;0,41;0,0171;11,3;16,8;64,8;0;36,1;11,36;Above Median
Domino's Pizza;Loaded GGarlic Cheese (Classic Crust);210;26,01;8,01;8,01;435;Pizza;Vegetarian;Regular;Global Chain;0,48;0,0184;34,3;15,3;49,5;1;42;10,36;Above Median
Domino's Pizza;BBQ Meatlovers (Extra Large);325;44,6;12,06;10,04;455;Pizza;Mixed/Processed Meat;Large;Global Chain;0,71;0,0265;27,8;14,8;54,9;0;66,7;6,82;Above Median
Domino's Pizza;Double Bacon Cheeseburger (Extra Large);318;44,1;11,05;10,03;455;Pizza;Beef;Large;Global Chain;0,7;0,0243;28,4;13,9;55,5;1;65,2;6,98;Above Median
Domino's Pizza;Mr Wedge (Extra Large);322;48,7;9,09;9,03;395;Side;None/Vegetarian;Large;Global Chain;0,82;0,023;25,2;11,3;60,5;0;66,8;5,91;Above Median
Domino's Pizza;Supreme (Extra Large);287;41,1;10,08;8,01;410;Pizza;Mixed/Processed Meat;Large;Global Chain;0,7;0,0246;25,1;14;57,3;1;59,2;6,93;Above Median
Domino's Pizza;Godfather (Extra Large);286;41,7;10,01;8,02;455;Pizza;Mixed/Processed Meat;Large;Global Chain;0,63;0,022;25,2;14;58,3;1;59,7;7,62;Above Median
Domino's Pizza;Chicken Supreme (Extra Large);261;41,5;10,07;5,01;410;Pizza;Chicken;Large;Global Chain;0,64;0,0246;17,3;15,4;63,6;1;56,6;7,24;Above Median
Domino's Pizza;Funky Chicken (Extra Large);276;40,6;10;7,08;410;Pizza;Chicken;Large;Global Chain;0,67;0,0244;23,1;14,5;58,8;0;57,7;7,11;Above Median
Domino's Pizza;Loaded Hot Dog Pizza (Extra Large);256;26,04;10,09;11,06;410;Pizza;Mixed/Processed Meat;Large;Global Chain;0,62;0,0246;38,9;15,8;40,7;1;47,2;8,69;Above Median
Domino's Pizza;Tikka Sweet Heat (Extra Large);264;41,6;10,05;5,08;410;Pizza;Mixed/Processed Meat;Large;Global Chain;0,64;0,0245;17,3;15,2;63;0;56,7;7,23;Above Median
Domino's Pizza;Tandoori Lava (Extra Large);282;40,7;11;8,07;455;Pizza;Mixed/Processed Meat;Large;Global Chain;0,62;0,0242;25,8;15,6;57,7;0;59,8;7,61;Above Median
Domino's Pizza;Supreme Cheesy Crust;243;28,03;10,05;9,04;430;Pizza;Mixed/Processed Meat;Regular;Global Chain;0,57;0,0234;33,5;16,5;46,1;1;47,1;9,13;Above Median
Domino's Pizza;BBQ Meatlovers Cheesy Crust;269;30,06;11,05;10,09;430;Pizza;Mixed/Processed Meat;Regular;Global Chain;0,63;0,0257;33,8;16,4;44,7;0;51,2;8,4;Above Median
Domino's Pizza;Kiwi BBQ (Extra Large);289;43,7;10,09;7,05;410;Pizza;Mixed/Processed Meat;Large;Global Chain;0,7;0,0246;22;14;60,5;0;60,8;6,74;Above Median
Domino's Pizza;Hot Honey BBQ Chicken (Extra Large);304;46,9;13;6,08;410;Pizza;Chicken;Large;Global Chain;0,74;0,0317;18;17,1;61,7;0;66;6,21;Above Median
Domino's Pizza;Cheesy BBQ Meats (Extra Large);290;40;11,03;9,02;455;Pizza;Mixed/Processed Meat;Large;Global Chain;0,64;0,0242;28;15,2;55,2;0;60;7,58;Above Median
Domino's Pizza;Mega Meatlovers (Classic Crust);226;28,04;9,02;8;395;Pizza;Mixed/Processed Meat;Large;Global Chain;0,57;0,0228;31,9;16;49,6;1;45,1;8,76;Above Median
Domino's Pizza;GGarlic Prawn (Classic Crust);180;26,07;7,02;4,06;410;Pizza;Fish/Seafood;Regular;Global Chain;0,44;0,0171;20,3;15,6;57,9;0;37,2;11,02;Above Median
Domino's Pizza;Chicken & Camembert (Classic Crust);229;27,02;8,09;9;410;Pizza;Chicken;Regular;Global Chain;0,56;0,0197;35,4;14,1;47,2;0;44,1;9,3;Above Median
Domino's Pizza;Peri Peri Chicken (Classic Crust);195;27,09;7,04;5,06;410;Pizza;Chicken;Regular;Global Chain;0,48;0,0172;23,4;14,4;55,6;0;39,2;10,46;Above Median
Domino's Pizza;Apricot Chicken (Classic Crust);186;29,04;7,03;4;410;Pizza;Chicken;Regular;Global Chain;0,45;0,0171;19,4;15,1;62,5;0;40,1;10,22;Above Median
Domino's Pizza;Buffalo Chicken & Bacon with Ranch (Classic Crust);217;28,01;8,09;7,05;410;Pizza;Chicken;Regular;Global Chain;0,53;0,0197;29,2;14,9;51,6;0;43,2;9,49;Above Median
Domino's Pizza;The Lot (Classic Crust);242;28,05;8,08;10;455;Pizza;Mixed/Processed Meat;Regular;Global Chain;0,53;0,0178;37,2;13,4;46,4;0;46,1;9,87;Above Median
Domino's Pizza;Cheeseburger Pizza (Classic Crust);193;18;8,08;9,04;410;Pizza;Beef;Regular;Global Chain;0,47;0,0197;42,2;16,7;37,3;0;35,1;11,68;Above Median
Domino's Pizza;Chicken Bacon & Ranch (Classic Crust);204;27,06;8;6,04;410;Pizza;Chicken;Regular;Global Chain;0,5;0,0195;26,6;15,7;53,1;0;41,1;9,98;Above Median
Domino's Pizza;Chicken Cranberry and Camembert (Classic Crust);201;28;8,03;5,09;410;Pizza;Chicken;Regular;Global Chain;0,49;0,0196;22,8;16;55,7;0;41,1;9,98;Above Median
Domino's Pizza;Kiwi Feast (Classic Crust);180;27,05;7,06;4;395;Pizza;Mixed/Processed Meat;Regular;Global Chain;0,46;0,0179;20;15,7;60,1;0;38,1;10,37;Above Median
Domino's Pizza;Crumbed Onion Royale (Classic Crust);231;31,08;8,01;7,08;410;Pizza;Mixed/Processed Meat;Regular;Global Chain;0,56;0,0195;27,6;13,9;53,8;0;46,2;8,87;Above Median
Domino's Pizza;Butter Chicken (Classic Crust);184;28,05;7,05;4,01;410;Pizza;Chicken;Regular;Global Chain;0,45;0,0172;19,6;15,3;61;0;39,1;10,49;Above Median
Domino's Pizza;Indi Chicken Tikka (Classic Crust);180;27,04;7,02;4,03;410;Pizza;Chicken;Regular;Global Chain;0,44;0,0171;20,2;15,6;60,1;0;38,1;10,76;Above Median
Domino's Pizza;Spicy Peppy Paneer (Classic Crust);195;28,04;6,05;5,08;395;Pizza;Vegetarian;Regular;Global Chain;0,49;0,0153;23,4;12,4;57,5;0;39,2;10,08;Above Median
Domino's Pizza;Vegan Veg Trio (Classic Crust);164;27,05;4,01;3,08;395;Pizza;Vegetarian;Regular;Global Chain;0,42;0,0102;16,9;9,8;66;0;34,1;11,58;Above Median
Domino's Pizza;Vegan Vegorama (Classic Crust);165;27,07;4,02;3,08;395;Pizza;Vegetarian;Regular;Global Chain;0,42;0,0102;16,8;9,7;65,6;0;34,2;11,55;Above Median
Domino's Pizza;Mega Topped Ham and Cheese;251;39,7;9,08;5,06;395;Pizza;Mixed/Processed Meat;Large;Global Chain;0,64;0,023;18,1;14,5;63,3;1;53,8;7,34;Above Median
Domino's Pizza;Mega Topped Hawaiian;261;41,7;9,09;5,06;395;Pizza;Mixed/Processed Meat;Large;Global Chain;0,66;0,023;17,4;13,9;63,9;1;55,9;7,07;Above Median
Domino's Pizza;Mega Topped BBQ Sausage and Onion;251;41;9,02;5,03;395;Pizza;Mixed/Processed Meat;Large;Global Chain;0,64;0,0228;18;14,4;65,3;1;55;7,18;Above Median
Domino's Pizza;Mega Topped Beef and Onion;254;40,9;9,09;5,04;395;Pizza;Beef;Large;Global Chain;0,64;0,023;17,9;14,3;64,4;1;55;7,18;Above Median
Domino's Pizza;Cheesy GGarlic Scrolls 4 Pack;949;129;26;35,9;340;Side;None/Vegetarian;Regular;Global Chain;2,79;0,0765;34;11;54,4;0;190,9;1,78;Below Median
Domino's Pizza;Cheesy GGGarlic Bread;670;75;24;30,05;340;Side;None/Vegetarian;Regular;Global Chain;1,97;0,0706;40,4;14,3;44,8;0;129;2,64;Below Median
Domino's Pizza;Southern Fried Chicken Bites - 20pk;338;16;21;21,04;410;Side;None/Vegetarian;Regular;Global Chain;0,82;0,0512;56;24,9;18,9;0;58;7,07;Above Median
Domino's Pizza;Value Chicken Mega Box - 50pk;929;43,9;57,8;58,9;410;Chicken Piece;Chicken;Large;Global Chain;2,27;0,141;57,1;24,9;18,9;1;160,6;2,55;Above Median
Domino's Pizza;GGarlic Bread;545;75,2;14,02;20,04;340;Side;None/Vegetarian;Regular;Global Chain;1,6;0,0412;33,1;10,3;55,2;0;109,3;3,11;Below Median
Domino's Pizza;Potato Wedges;479;64,2;7,05;21,03;340;Side;None/Vegetarian;Regular;Global Chain;1,41;0,0207;39,5;5,9;53,6;0;92,3;3,68;Below Median
Domino's Pizza;Cheesy GGarlic Naan;937;125;27,04;35,6;340;Side;None/Vegetarian;Regular;Global Chain;2,76;0,0795;34,2;11,5;53,4;0;187,6;1,81;Below Median
Domino's Pizza;Crispy Chips with Domino's Pizza Salt;817;80,3;10,06;42,1;340;Side;None/Vegetarian;Regular;Global Chain;2,4;0,0296;46,4;4,9;39,3;0;132,5;2,57;Below Median
Domino's Pizza;Pepperoni Stuffed Cheesy Bread;606;65,7;24,06;26,09;340;Side;None/Vegetarian;Regular;Global Chain;1,78;0,0708;38,7;15,9;43,4;0;115,8;2,94;Below Median
Domino's Pizza;Cheese Volcano;839;68,2;37,8;46;435;Side;None/Vegetarian;Regular;Global Chain;1,93;0,0869;49,3;18;32,5;0;152;2,86;Above Median
Domino's Pizza;Triple Cheese Bites - 5 Pack;295;24;13,01;16,03;340;Side;None/Vegetarian;Regular;Global Chain;0,87;0,0383;48,9;17,6;32,5;0;53;6,42;Below Median
Domino's Pizza;Onion Rings;215;21;3,03;13,07;340;Side;None/Vegetarian;Regular;Global Chain;0,63;0,0089;54,7;5,6;39,1;0;37,1;9,16;Below Median
Domino's Pizza;Chicken Box with Aioli Dipping Sauce;1560;70,5;106;95,1;410;Chicken Piece;Chicken;Regular;Global Chain;3,8;0,2585;54,9;27,2;18,1;0;271,6;1,51;Above Median
Domino's Pizza;Chicken Nuggets - 6pk;277;16,07;17,04;15,07;340;Side;None/Vegetarian;Regular;Global Chain;0,81;0,0501;49;24,6;23,2;0;48,2;7,05;Below Median
Domino's Pizza;My Domino's Chicken Nuggets - 3pk;139;8,03;8,07;7,09;340;Side;None/Vegetarian;Small;Global Chain;0,41;0,0237;45,9;23,2;23,1;0;23,2;14,66;Below Median
Domino's Pizza;3 Cheese Pizza Pots - 3 Pk;424;39,7;17,09;21,02;340;Side;None/Vegetarian;Small;Global Chain;1,25;0,0503;44,6;16,1;37,5;0;77,8;4,37;Below Median
Domino's Pizza;Beef & Bacon Pizza Pots - 3pk;489;40,5;22;26,02;340;Side;None/Vegetarian;Small;Global Chain;1,44;0,0647;47,9;18;33,1;0;88,5;3,84;Below Median
Domino's Pizza;Saucy Chicken Wings No Sauce (5pk);309;3,07;29,06;19,07;340;Side;None/Vegetarian;Regular;Global Chain;0,91;0,0855;55,5;37,6;4;0;51,2;6,64;Below Median
Domino's Pizza;Saucy Chicken Wings BBQ (5pk);361;14,09;30,01;20,01;340;Side;None/Vegetarian;Regular;Global Chain;1,06;0,0883;49,9;33,3;15,6;0;64,1;5,3;Below Median
Domino's Pizza;Saucy Chicken Wings Peri Peri (5pk);485;9,03;30,04;36,8;340;Side;None/Vegetarian;Regular;Global Chain;1,43;0,0884;68,3;24,8;7,4;0;75,9;4,48;Below Median
Domino's Pizza;Saucy Chicken Wings GGarlic Butter (5pk);585;7,03;31,07;48,7;340;Side;None/Vegetarian;Regular;Global Chain;1,72;0,0914;74,9;21,2;4,8;0;86,8;3,92;Below Median
Domino's Pizza;Saucy Chicken Wings Apricot (5pk);404;26,09;29,06;19,07;340;Side;None/Vegetarian;Regular;Global Chain;1,19;0,0855;42,5;28,8;25,8;0;74,2;4,58;Below Median
Domino's Pizza;Saucy Chicken Wings Butter Chicken (5pk);357;10,08;30,04;21,06;340;Side;None/Vegetarian;Regular;Global Chain;1,05;0,0884;53,1;33,7;11,3;0;61,2;5,56;Below Median
Domino's Pizza;Saucy Nuggets 6pk BBQ;329;27,08;18;16,01;340;Side;None/Vegetarian;Regular;Global Chain;0,97;0,0529;43,8;21,9;32,9;0;61,1;5,56;Below Median
Domino's Pizza;Saucy Nuggets 6pk Peri Peri;454;22,03;18,02;32,8;340;Side;None/Vegetarian;Regular;Global Chain;1,34;0,053;65;15,9;19,4;0;72,8;4,67;Below Median
Domino's Pizza;Saucy Nuggets 6pk Apricot;373;39,9;17,04;15,07;340;Side;None/Vegetarian;Regular;Global Chain;1,1;0,0501;36,4;18,3;42,8;0;72;4,72;Below Median
Domino's Pizza;Saucy Nuggets 6pk GGarlic Butter;554;20,02;19,05;44,7;340;Side;None/Vegetarian;Regular;Global Chain;1,63;0,056;72,6;13,8;14,5;0;83,8;4,06;Below Median
Domino's Pizza;Saucy Nuggets 6pk Butter Chicken;326;23,07;18,02;17,06;340;Side;None/Vegetarian;Regular;Global Chain;0,96;0,053;47,1;22,1;28,3;0;58,2;5,84;Below Median
Domino's Pizza;5 Pack Cheese Bites;270;26,03;12,05;12,02;340;Side;None/Vegetarian;Regular;Global Chain;0,79;0,0354;40,1;17,9;38,6;0;50,1;6,79;Below Median
Domino's Pizza;Hot Honey Cheesy Stuffed Bread;441;63,7;17,04;12,04;340;Side;None/Vegetarian;Regular;Global Chain;1,3;0,0501;24,6;15,5;57,8;0;92,8;3,66;Below Median
Domino's Pizza;Hot Honey Pepperoni Stuffed Bread;402;40,2;20,04;17,05;340;Side;None/Vegetarian;Regular;Global Chain;1,18;0,0589;38,2;19,9;40;0;77,3;4,4;Below Median
Domino's Pizza;Hot Honey Saucy Chicken Wings (5pk);498;23,01;38,3;28;340;Side;None/Vegetarian;Regular;Global Chain;1,46;0,1126;50,6;30,8;18,5;0;89,3;3,81;Below Median
Domino's Pizza;My Domino's Kickers w/Creamy GGarlic Aioli Sauce (2 Pack);197;9,04;8,03;14;340;Side;None/Vegetarian;Small;Global Chain;0,58;0,0236;64;16,3;18,4;0;31,1;10,93;Below Median
Domino's Pizza;My Domino's Mini GGarlic Bread;272;37,6;7,01;10,02;340;Side;None/Vegetarian;Small;Global Chain;0,8;0,0206;33,2;10,3;55,3;0;54,6;6,23;Below Median
Domino's Pizza;My Domino's Wedges;235;29,06;3,03;11,07;340;Side;None/Vegetarian;Regular;Global Chain;0,69;0,0089;42,4;5,2;49,5;0;43,2;7,87;Below Median
Domino's Pizza;My Domino's Wings with BBQ Sauce (2 Pack);137;4,03;12;8;340;Side;None/Vegetarian;Small;Global Chain;0,4;0,0353;52,6;35;11,8;0;24;14,17;Below Median
Domino's Pizza;My Domino's Chicken Bites (10 Pack);169;8;10,05;10,07;340;Side;None/Vegetarian;Regular;Global Chain;0,5;0,0296;53,6;23,8;18,9;0;28,1;12,1;Below Median
Domino's Pizza;My Domino's Chicken Wings (No Sauce) (2pk);123;1,05;11,08;7,09;340;Side;None/Vegetarian;Small;Global Chain;0,36;0,0326;51,9;36;3,4;0;19,2;17,71;Below Median
Domino's Pizza;My Domino's Triple Cheese Bites - 2 Pack;118;9,06;5,02;6,05;340;Side;None/Vegetarian;Small;Global Chain;0,35;0,0148;46,1;17;30,7;0;20,1;16,92;Below Median
Domino's Pizza;My Domino's Onion Rings 3pk;142;13,08;2,02;9,01;340;Side;None/Vegetarian;Small;Global Chain;0,42;0,0059;57,1;5,7;36,8;0;24,1;14,11;Below Median
Popeyes;Küçük Kafes Patates;122,1;16,05;1,06;5,02;75;Side;None/Vegetarian;Small;Global Chain;1,63;0,0141;37;3,5;52,6;0;22,1;3,39;Below Median
Popeyes;Orta Kafes Patates;191,4;25,09;2,06;8,01;80;Side;None/Vegetarian;Medium;Global Chain;2,39;0,0258;37,7;4,3;52,4;0;35,2;2,27;Below Median
Popeyes;Büyük Kafes Patates;234,3;31,07;3,01;9,09;85;Side;None/Vegetarian;Large;Global Chain;2,76;0,0354;34,9;5,1;53;0;43,2;1,97;Below Median
Popeyes;Mega Kafes Patates;280,5;37,9;3,07;11,09;90;Side;None/Vegetarian;Large;Global Chain;3,12;0,0341;35,6;4,4;54;1;52,1;1,73;Below Median
Popeyes;Kova Kafes Patates;402,6;54,4;5,04;17,01;110;Side;None/Vegetarian;Large;Global Chain;3,66;0,0458;38;5;54;0;76,4;1,44;Below Median
Popeyes;Küçük Patates;213,6;29,09;2,04;9,04;75;Side;None/Vegetarian;Small;Global Chain;2,85;0,0272;38,1;3,8;54,5;0;40,2;1,87;Below Median
Popeyes;Orta Patates;334,8;46,9;3,08;14,07;80;Side;None/Vegetarian;Medium;Global Chain;4,19;0,0385;37,8;3,7;56;0;64;1,25;Below Median
Popeyes;Büyük Patates;409,9;57,4;4,06;18;85;Side;None/Vegetarian;Large;Global Chain;4,82;0,0478;39,5;4;56;0;79,5;1,07;Below Median
Popeyes;Mega Patates;490,7;68,7;5,05;21,05;90;Side;None/Vegetarian;Large;Global Chain;5,45;0,0561;38,6;4,1;56;1;94,8;0,95;Below Median
Popeyes;Kova Patates;704,3;98,6;8;30,09;110;Side;None/Vegetarian;Large;Global Chain;6,4;0,0727;38,5;4,5;56;0;136,7;0,8;Below Median
Popeyes;GÖĞÜS PARÇA;399,1;13,05;41,4;19,07;115;Chicken Piece;Chicken;Regular;Global Chain;3,47;0,36;43;41,5;13,1;0;73,5;1,56;Below Median
Popeyes;KABURA PARÇA;356,2;7,03;39,6;18,05;115;Chicken Piece;Mixed/Processed Meat;Regular;Global Chain;3,1;0,3443;45,6;44,5;7,9;0;64,7;1,78;Below Median
Popeyes;KALÇA PARÇA;485;11,05;31,4;34,5;115;Chicken Piece;Chicken;Regular;Global Chain;4,22;0,273;64;25,9;9,1;0;77;1,49;Below Median
Popeyes;TENDERS PARÇA;116,5;5;11,09;5,03;125;Chicken Piece;Chicken;Regular;Global Chain;0,93;0,0887;38,9;38,1;17,2;0;21,1;5,92;Below Median
Popeyes;BUT PARÇA;225;3,06;24,01;12,05;115;Chicken Piece;Chicken;Regular;Global Chain;1,96;0,2088;48,2;42,7;5,4;0;39,1;2,94;Below Median
Popeyes;ACILI KANAT PARÇA;121,2;2,03;9,04;8,02;100;Chicken Piece;Mixed/Processed Meat;Regular;Global Chain;1,21;0,0904;59,6;29,8;6,7;0;19,1;5,24;Below Median
Popeyes;GOLDEN BUT PARÇA;270,3;4,04;25,06;16,03;120;Chicken Piece;Chicken;Regular;Global Chain;2,25;0,2088;53,4;37,1;6;0;45,1;2,66;Below Median
Popeyes;GÖĞÜS FİLETO PARÇA;196,4;4,05;21,03;10,02;115;Chicken Piece;Chicken;Regular;Global Chain;1,71;0,1829;45,9;42,8;8,2;0;35,1;3,28;Below Median
Popeyes;Tenders 2li;233;10,01;23,08;10,07;125;Chicken Piece;Chicken;Regular;Global Chain;1,86;0,1846;38,9;39,6;17,2;0;43,2;2,89;Below Median
Popeyes;Tenders 3'lü;349,4;15,01;35,7;16;125;Chicken Piece;Chicken;Small;Global Chain;2,8;0,2856;41,2;40,9;17,2;0;66,7;1,87;Below Median
Popeyes;Tenders 4'lü;465,9;20,02;47,6;21,03;125;Chicken Piece;Chicken;Small;Global Chain;3,73;0,3808;40,6;40,9;17,2;0;88,6;1,41;Below Median
Popeyes;Nugget 3'lü;69,1;4,05;5,08;3;50;Nuggets;Chicken;Small;Global Chain;1,38;0,1016;39,1;29,4;23,4;0;12,1;4,13;Below Median
Popeyes;Nugget 4'lü;92,2;5,09;7,08;4,01;50;Nuggets;Chicken;Small;Global Chain;1,84;0,1416;39,1;30,7;22,1;0;16,2;3,09;Below Median
Popeyes;Nugget 8'li;184,3;11,09;15,06;8,01;220;Nuggets;Chicken;Regular;Global Chain;0,84;0,0685;39,1;32,7;24,1;0;34,2;6,43;Below Median
Popeyes;Nugget 10'lu;230,4;14,08;19,04;10,01;220;Nuggets;Chicken;Regular;Global Chain;1,05;0,0865;39,1;33,1;24,4;0;43,1;5,1;Below Median
Popeyes;Nugget 15'li;345,6;22,03;29,2;15,02;250;Nuggets;Chicken;Large;Global Chain;1,38;0,1168;39,1;33,8;25,5;0;66,2;3,78;Below Median
Popeyes;Nugget 20'li;460,8;29,07;38,9;20,03;275;Nuggets;Chicken;Large;Global Chain;1,68;0,1415;39,1;33,8;25,2;0;88;3,12;Below Median
Popeyes;Nugget 30'lu;691,2;44,5;58,3;30,04;275;Nuggets;Chicken;Large;Global Chain;2,51;0,212;39,1;33,7;25,8;0;132,8;2,07;Below Median
Popeyes;Dip'n 4'lü;127;5,05;9,08;7;50;Nuggets;Chicken;Small;Global Chain;2,54;0,1816;49,6;28,6;15,9;0;21,1;2,37;Below Median
Popeyes;Dip'n 10'lu;317,4;13,07;24,05;17,06;220;Nuggets;Chicken;Regular;Global Chain;1,44;0,1093;48,4;30,3;16,5;0;54,2;4,06;Below Median
Popeyes;Dip'n 15'li;476,1;20,05;36,8;26,04;250;Nuggets;Chicken;Large;Global Chain;1,9;0,1472;49,2;30,9;16,8;0;82,9;3,02;Below Median
Popeyes;Dip'n 20'li;634,8;27,03;49,1;35,2;275;Nuggets;Chicken;Large;Global Chain;2,31;0,1785;49,9;30,9;17;0;111,3;2,47;Below Median
Popeyes;Pop Chicken;694,8;57,7;31,4;36,4;260;Chicken Piece;Chicken;Regular;Global Chain;2,67;0,1208;47,2;18,1;33,2;0;125,5;2,07;Below Median
Popeyes;Double Pop Chicken;864,5;60,2;55,1;43,6;260;Chicken Piece;Chicken;Large;Global Chain;3,32;0,2119;45,4;25,5;27,9;1;158,9;1,64;Below Median
Popeyes;Maxi Dürüm(Pop Dürüm);600,2;46,2;29,05;32,6;290;Wrap/Dürüm;Mixed/Processed Meat;Regular;Global Chain;2,07;0,1002;48,9;19,4;30,8;0;107,8;2,69;Below Median
Popeyes;Tavuk Burger;457,7;39,3;19,08;24;240;Burger;Chicken;Regular;Global Chain;1,91;0,0795;47,2;16,7;34,3;0;82,4;2,91;Below Median
Popeyes;Kids Tavukburger;319,4;41,4;19,06;7,07;245;Kids Menu;Chicken;Regular;Global Chain;1,3;0,0778;19,9;23,9;51,8;0;67,5;3,63;Below Median
Popeyes;Nuggets Salata;423,8;28,02;30,09;20,04;305;Nuggets;Chicken;Regular;Global Chain;1,39;0,0987;42,6;28,4;26,4;0;78,2;3,9;Below Median
Popeyes;XL Sandviç;743,8;66,6;34,1;41;320;Sandwich;Mixed/Processed Meat;Large;Global Chain;2,32;0,1066;49,6;18,3;35,8;1;141,7;2,26;Below Median
Popeyes;Gurme Sandviç Peynirli;787,9;67,2;36,6;44,5;320;Sandwich;Mixed/Processed Meat;Regular;Global Chain;2,46;0,1144;50,8;18,6;34,1;1;148,3;2,16;Below Median
Popeyes;Poppy Sandviç;424,8;33,8;14,05;26,01;260;Sandwich;Mixed/Processed Meat;Regular;Global Chain;1,63;0,054;55,1;13,2;31,8;0;73,9;3,52;Below Median
Popeyes;Smoky XL;905,9;80,3;50,3;45,7;400;Sandwich;Mixed/Processed Meat;Large;Global Chain;2,26;0,1258;45,4;22,2;35,5;1;176,3;2,27;Above Median
Popeyes;Mangal Rüyası;604,9;47,2;29,06;32,7;290;Sandwich;Mixed/Processed Meat;Regular;Global Chain;2,09;0,1002;48,7;19,2;31,2;0;109;2,66;Below Median
Arby's;Klasik Gurme Tavuk Sandviç;747,1;58,4;36,7;39,6;350;Sandwich;Chicken;Regular;Global Chain;2,13;0,1049;47,7;19,6;31,3;1;134,7;2,6;Above Median
Arby's;Barbekü Klasik Gurme Tavuk Sandviç;691,6;70,4;40,1;26,07;310;Sandwich;Chicken;Regular;Global Chain;2,23;0,1294;33,9;23,2;40,7;1;136,6;2,27;Below Median
Arby's;Smoky Chicken Sandviç;719,3;55,2;41;36,3;370;Sandwich;Chicken;Regular;Global Chain;1,94;0,1108;45,4;22,8;30,7;1;132,5;2,79;Above Median
Arby's;Tavukburger Klasik;558,1;45,7;16,03;33,1;230;Burger;Chicken;Regular;Global Chain;2,43;0,0697;53,4;11,5;32,8;0;94,8;2,43;Below Median
Arby's;Chipotle Soslu Tavukburger Sandviç;540,6;34,5;18,04;35,5;230;Burger;Chicken;Regular;Global Chain;2,35;0,0784;59,1;13,3;25,5;0;88;2,61;Below Median
Arby's;Roast Chicken Deluxe;393,7;36;21,05;17,05;300;Sandwich;Chicken;Regular;Global Chain;1,31;0,0702;39;21,4;36,6;1;74,1;4,05;Below Median
Arby's;Çıtır Baget Tavuklu Sandviç;510,2;69,3;22,07;14,08;290;Sandwich;Chicken;Regular;Global Chain;1,76;0,0761;24,8;17,3;54,3;0;105,4;2,75;Below Median
Arby's;Çıtır Baget Tavuklu Sandviç 2;493,2;69,2;19,04;14,04;290;Sandwich;Chicken;Regular;Global Chain;1,7;0,0657;25,6;15,4;56,1;0;102,3;2,83;Below Median
Arby's;Roast Chicken Deluxe Junior Sandviç;310,8;24,01;16,09;15,08;250;Sandwich;Chicken;Small;Global Chain;1,24;0,0644;43,7;20,7;30,9;1;55,2;4,53;Below Median
Arby's;Chipotle Soslu Roast Chicken Sandviç;395,6;24;19,05;24,03;300;Sandwich;Chicken;Regular;Global Chain;1,32;0,0635;54,7;19,3;24,3;0;67,1;4,47;Below Median
Arby's;Gyro Wrap Tavuklu Sandviç;483;53,4;22,01;19,09;350;Wrap/Dürüm;Chicken;Regular;Global Chain;1,38;0,0629;35,6;18,2;44,2;0;94,5;3,7;Above Median
Arby's;Klasik Füme Kaburga Sandviç;661,6;45,5;32,7;35,4;440;Sandwich;Mixed/Processed Meat;Regular;Global Chain;1,5;0,0743;48,2;19,8;27,5;0;113,6;3,87;Above Median
Arby's;Bol Peynirli Baget Sandviç;837,3;66;37,1;43,7;440;Sandwich;Mixed/Processed Meat;Regular;Global Chain;1,9;0,0843;47;17,7;31,5;0;146,8;3;Above Median
Arby's;Klasik Biftek Sandviç;600,6;49;32,6;29,06;450;Sandwich;Beef;Regular;Global Chain;1,33;0,0724;43,5;21,7;32,6;0;110,7;4,07;Above Median
Arby's;Philly Baget;752,9;68,3;36,7;35,9;435;Sandwich;Mixed/Processed Meat;Regular;Global Chain;1,73;0,0844;42,9;19,5;36,3;0;140,9;3,09;Above Median
Arby's;Philly Brioche Sandviç;626,1;44,3;37,4;32,2;450;Sandwich;Mixed/Processed Meat;Regular;Global Chain;1,39;0,0831;46,3;23,9;28,3;0;113,9;3,95;Above Median
Arby's;Beef'n Sandviç;471,7;46;24,05;21,07;405;Sandwich;Beef;Regular;Global Chain;1,16;0,0594;40,2;20,4;39;0;91,1;4,45;Above Median
Arby's;Beef'n Cheddar XL;550,3;46,4;33;25,02;515;Sandwich;Beef;Large;Global Chain;1,07;0,0641;40,9;24;33,7;1;104,4;4,93;Above Median
Arby's;Roast Beef Deluxe Sandviç;451,1;40,2;18,08;23;395;Sandwich;Beef;Regular;Global Chain;1,14;0,0458;45,9;16;35,6;1;81,3;4,86;Above Median
Arby's;Arby's Deluxe XL;602,3;55,4;29,09;28,02;505;Sandwich;Mixed/Processed Meat;Large;Global Chain;1,19;0,0576;41,9;19,3;36,8;1;112,5;4,49;Above Median
Arby's;Barbekü Delux Sandviç;489,4;47,5;22;22,09;395;Sandwich;Mixed/Processed Meat;Regular;Global Chain;1,24;0,0557;40,6;18;38,8;0;91,6;4,31;Above Median
Arby's;Barbekü Deluxe XL;657;52,5;30,05;35,5;505;Sandwich;Mixed/Processed Meat;Large;Global Chain;1,3;0,0595;48,6;18,3;32;1;118;4,28;Above Median
Arby's;Arby's Classic Sandviç;424,8;35,4;18,02;22,07;395;Sandwich;Mixed/Processed Meat;Regular;Global Chain;1,08;0,0456;46,8;17;33,3;0;75,5;5,23;Above Median
Arby's;Arby's Melt Sandviç;341,3;35,5;18,05;13,04;395;Sandwich;Mixed/Processed Meat;Regular;Global Chain;0,86;0,0457;34,4;21,2;41,6;0;66,6;5,93;Above Median
Arby's;Çıtır Baget Etli Sandviç;549,3;70;19,08;20;390;Sandwich;Mixed/Processed Meat;Regular;Global Chain;1,41;0,0489;32,8;13,9;51;0;109,1;3,57;Above Median
Arby's;Arbys Roast Beef Deluxe Junior;352;27,02;15,01;19,07;375;Sandwich;Beef;Small;Global Chain;0,94;0,04;48,8;17,1;30,7;1;61,1;6,14;Above Median
Arby's;Chipotle Soslu Roast Beef Sandviç;419,3;23,08;17,03;27,09;395;Sandwich;Beef;Regular;Global Chain;1,06;0,0431;58,1;16,2;22;0;67,2;5,88;Above Median
Arby's;Kids Roast Beef;252,2;27,01;15,05;8,06;230;Kids Menu;Beef;Regular;Global Chain;1,1;0,0654;28,8;23,9;42,8;0;50,1;4,59;Below Median
Arby's;Kids Roast Chicken;311,2;23,04;17,06;15,09;230;Kids Menu;Chicken;Regular;Global Chain;1,35;0,0742;43,6;21,9;29,6;0;55,2;4,17;Below Median
Arby's;Etli Baget Jr;346,6;48,1;12,07;10,08;390;Sandwich;Mixed/Processed Meat;Small;Global Chain;0,89;0,0309;26,2;13,9;55,5;0;70,2;5,56;Above Median
Arby's;Tavuklu Baget Jr;387,4;49,2;16,01;13,02;290;Sandwich;Chicken;Small;Global Chain;1,34;0,0552;30,2;16,5;50,8;0;78,2;3,71;Below Median
Arby's;Beef'n Cheddar Jr;282,9;26,05;14,08;12,06;355;Sandwich;Beef;Small;Global Chain;0,8;0,0397;38,4;19,9;36,8;0;52,2;6,8;Above Median
Subway;Biftek Peynir Sandviç;340;42;22;8;340;Sandwich;Beef;Regular;Global Chain;1;0,0647;21,2;25,9;49,4;0;72;4,72;Below Median
Subway;Marinara Soslu Köfte Sandviç;483;34;26;26;300;Sandwich;Beef;Regular;Global Chain;1,61;0,0867;48,4;21,5;28,2;0;86;3,49;Below Median
Subway;Türk Usulü Subway Melt Sandviç;319;40;22;7;300;Sandwich;Mixed/Processed Meat;Regular;Global Chain;1,06;0,0733;19,7;27,6;50,2;0;69;4,35;Below Median
Subway;Teriyaki Tavuk Sandviç;325;39;24;7;280;Sandwich;Chicken;Regular;Global Chain;1,16;0,0857;19,4;29,5;48;0;70;4;Below Median
Subway;Hindi Jambon Sandviç;386;57;20;8;285;Sandwich;Chicken;Regular;Global Chain;1,35;0,0702;18,7;20,7;59,1;0;85;3,35;Below Median
Subway;Sebze Keyfi Sandviç;211;34;9;4;225;Sandwich;Vegetarian;Regular;Global Chain;0,94;0,04;17,1;17,1;64,5;0;47;4,79;Below Median
Subway;Sicilyana;497;44;16;28;295;Sandwich;Mixed/Processed Meat;Regular;Global Chain;1,68;0,0542;50,7;12,9;35,4;0;88;3,35;Below Median
Subway;Efsane Teriyaki;386;38;25;14;280;Sandwich;Mixed/Processed Meat;Regular;Global Chain;1,38;0,0893;32,6;25,9;39,4;0;77;3,64;Below Median
Subway;Club Subway;460;39;29;20;300;Sandwich;Mixed/Processed Meat;Regular;Global Chain;1,53;0,0967;39,1;25,2;33,9;0;88;3,41;Below Median
Subway;Et Sever;452;48;27;16;340;Sandwich;Mixed/Processed Meat;Regular;Global Chain;1,33;0,0794;31,9;23,9;42,5;0;91;3,74;Below Median
Subway;Superstar BBQ;497;43;35;19;340;Sandwich;Mixed/Processed Meat;Regular;Global Chain;1,46;0,1029;34,4;28,2;34,6;0;97;3,51;Below Median
Subway;Egelim;332;35;14;14;285;Sandwich;Mixed/Processed Meat;Regular;Global Chain;1,16;0,0491;38;16,9;42,2;0;63;4,52;Below Median
Subway;Tex Mex;468;43;27;20;340;Sandwich;Mixed/Processed Meat;Regular;Global Chain;1,38;0,0794;38,5;23,1;36,8;0;90;3,78;Below Median
Subway;Ton Balıklı Sandviç;456;32;19;27;295;Sandwich;Fish/Seafood;Regular;Global Chain;1,55;0,0644;53,3;16,7;28,1;0;78;3,78;Below Median
Subway;Baharatlı İtalyan Sandviç;452;42;18;23;295;Sandwich;Mixed/Processed Meat;Regular;Global Chain;1,53;0,061;45,8;15,9;37,2;0;83;3,55;Below Median
Subway;İtalyan BMT;415;39;17;20;295;Sandwich;Mixed/Processed Meat;Regular;Global Chain;1,41;0,0576;43,4;16,4;37,6;0;76;3,88;Below Median
Subway;Hindi Göğüs Sandviç;314;39;21;7;285;Sandwich;Chicken;Regular;Global Chain;1,1;0,0737;20,1;26,8;49,7;0;67;4,25;Below Median
Subway;Tavuk Fileto Sandviç;361;38;25;11;285;Sandwich;Chicken;Regular;Global Chain;1,27;0,0877;27,4;27,7;42,1;0;74;3,85;Below Median
Subway;Rozbif Sandviç;352;41;27;8;340;Sandwich;Beef;Regular;Global Chain;1,04;0,0794;20,5;30,7;46,6;0;76;4,47;Below Median
Subway;Domatesli Toasty;112;12;5;4;85;Sandwich;Mixed/Processed Meat;Regular;Global Chain;1,32;0,0588;32,1;17,9;42,9;0;21;4,05;Below Median
Subway;Pepperoni Toasty;273;20;10;16;130;Sandwich;Mixed/Processed Meat;Regular;Global Chain;2,1;0,0769;52,7;14,7;29,3;0;46;2,83;Below Median
Subway;Hindi Göğüs Süzme Peynir (Porsiyon);390,1;52,5;28,01;7,08;285;Döner;Chicken;Regular;Global Chain;1,37;0,0983;16,3;28,7;53,8;0;87,6;3,25;Below Median
Subway;Teriyaki Tavuk Peynir (Porsiyon);399,1;42,3;34,3;10,05;280;Döner;Chicken;Regular;Global Chain;1,43;0,1225;22,7;34,4;42,4;0;86,6;3,23;Below Median
Subway;Rozbif Cheddar (Porsiyon);449,2;41,5;38,1;14,06;340;Sandwich;Beef;Regular;Global Chain;1,32;0,1121;28,2;33,9;37;0;93,7;3,63;Below Median
Sbarro;Sucuklu Favori Pizza;275,5;36,3;9,08;10,06;305;Pizza;Beef;Regular;Global Chain;0,9;0,0298;32,9;13,2;52,7;0;55,4;5,51;Below Median
Sbarro;Etli Karışık Pizza;309,8;33,1;11,02;15,01;295;Pizza;Mixed/Processed Meat;Regular;Global Chain;1,05;0,0374;43,6;14,2;42,7;0;59,1;4,99;Below Median
Sbarro;Karışık Sosisli Pizza;234,9;27;8,09;10,08;305;Pizza;Beef;Regular;Global Chain;0,77;0,0265;38,6;13,8;46;0;45,2;6,75;Below Median
Sbarro;Eko Sucuklu Pizza;281;37,7;11,09;9,05;305;Pizza;Beef;Regular;Global Chain;0,92;0,0364;29;15,8;53,7;0;57,8;5,28;Below Median
Sbarro;Dört Peynirli Pizza;287,7;33,6;12,06;12,01;415;Pizza;Vegetarian;Regular;Global Chain;0,69;0,0291;37,6;16,8;46,7;0;57,7;7,19;Above Median
Sbarro;Barbekü Tavuklu Pizza;269,7;43;11,02;11,03;315;Pizza;Chicken;Regular;Global Chain;0,86;0,035;36,8;16,3;63,8;0;65;4,85;Below Median
Sbarro;Gamer Pizza;294,6;28,01;10,03;16,02;325;Pizza;Mixed/Processed Meat;Regular;Global Chain;0,91;0,0309;48,9;13,6;38;0;54,1;6,01;Below Median
Sbarro;Margarita;249;31;12;8;305;Pizza;Mixed/Processed Meat;Regular;Global Chain;0,82;0,0393;28,9;19,3;49,8;0;51;5,98;Below Median
Sbarro;Supreme Pizza;223;27;10;8;325;Pizza;Mixed/Processed Meat;Regular;Global Chain;0,69;0,0308;32,3;17,9;48,4;1;45;7,22;Below Median
Sbarro;Pepperoni Pizza;261;30;12;9;305;Pizza;Mixed/Processed Meat;Regular;Global Chain;0,86;0,0393;31;18,4;46;0;51;5,98;Below Median
Sbarro;Gennaro Pizza;243;28;10;9;315;Pizza;Mixed/Processed Meat;Regular;Global Chain;0,77;0,0317;33,3;16,5;46,1;0;47;6,7;Below Median
Sbarro;Gurme Sucuklu;230;26;10;9;325;Pizza;Beef;Regular;Global Chain;0,71;0,0308;35,2;17,4;45,2;1;45;7,22;Below Median
Sbarro;Ton Balıklı Pizza;226;24;12;8;315;Pizza;Fish/Seafood;Regular;Global Chain;0,72;0,0381;31,9;21,2;42,5;0;44;7,16;Below Median
Usta Dönerci;Tavuk Tombik;673,3;64,3;33,9;30,01;260;Döner;Chicken;Regular;Local Chain;2,59;0,1304;40,1;20,1;38,2;0;128,2;2,03;Below Median
Usta Dönerci;Tavuk Dürüm;920;80;40,4;39,9;290;Wrap/Dürüm;Chicken;Regular;Local Chain;3,17;0,1393;39;17,6;34,8;0;160,3;1,81;Below Median
Usta Dönerci;Ekmek Arası Tavuk Döner;676,7;71,5;23,03;28,04;265;Döner;Chicken;Regular;Local Chain;2,55;0,0869;37,3;13,6;42,3;0;122,6;2,16;Below Median
Usta Dönerci;Ekmek Arası Tavuk Döner Büyük Seçim;744,5;71,5;31,6;32,1;265;Döner;Chicken;Large;Local Chain;2,81;0,1192;38,8;17;38,4;0;135,2;1,96;Below Median
Usta Dönerci;Ekmek Arası Tavuk Döner Mega Seçim;812,3;71,5;39,8;35,7;265;Döner;Chicken;Large;Local Chain;3,07;0,1502;39,6;19,6;35,2;1;147;1,8;Below Median
Usta Dönerci;İskender Tavuk;1011,5;79,5;46,5;55,5;310;Döner;Chicken;Regular;Local Chain;3,26;0,15;49,4;18,4;31,4;0;181,5;1,71;Below Median
Usta Dönerci;İskender Tavuk (Büyük Seçim);1079,3;79,5;54,7;59,1;310;Döner;Chicken;Large;Local Chain;3,48;0,1765;49,3;20,3;29,5;0;193,3;1,6;Below Median
Usta Dönerci;İskender Tavuk (Mega Seçim);1147,1;79,5;63;62,8;310;Döner;Chicken;Large;Local Chain;3,7;0,2032;49,3;22;27,7;1;205,3;1,51;Below Median
Usta Dönerci;Çocuk Tavuk Dürüm;481,8;67,7;21,01;5,08;290;Kids Menu;Chicken;Regular;Local Chain;1,66;0,0724;9,5;17,4;56,2;0;93,8;3,09;Below Median
Usta Dönerci;Baget Tavuk Döner;454,8;54,9;12,01;17,05;265;Döner;Chicken;Regular;Local Chain;1,72;0,0453;33,7;10,6;48,3;0;84;3,15;Below Median
Usta Dönerci;Pilav Üstü Tavuk Döner;732,9;84,8;37,6;24,08;290;Döner;Chicken;Regular;Local Chain;2,53;0,1297;29,6;20,5;46,3;0;146,5;1,98;Below Median
Usta Dönerci;Porsiyon Tavuk Döner;599,3;62,9;35,7;20,07;290;Döner;Chicken;Regular;Local Chain;2,07;0,1231;30,1;23,8;42;0;118,7;2,44;Below Median
Usta Dönerci;Et Tombik;579;61,2;19,06;27,07;320;Döner;Beef;Regular;Local Chain;1,81;0,0596;42,1;13,2;42,3;0;107,3;2,98;Below Median
Usta Dönerci;İskender Et;1039,4;79,7;30,08;65,9;400;Döner;Mixed/Processed Meat;Regular;Local Chain;2,6;0,0752;57,1;11,6;30,7;0;175,7;2,28;Above Median
Usta Dönerci;İskender Et (Büyük Seçim);1122,7;79,5;34,6;73,4;400;Döner;Mixed/Processed Meat;Large;Local Chain;2,81;0,0865;58,8;12,3;28,3;0;187,5;2,13;Above Median
Usta Dönerci;İskender Et (Mega Seçim);1207;79,5;38,5;80,9;400;Döner;Mixed/Processed Meat;Large;Local Chain;3,02;0,0962;60,3;12,8;26,3;1;198,9;2,01;Above Median
Usta Dönerci;Eko İskender;832;76,1;24,09;47,1;400;Döner;Mixed/Processed Meat;Regular;Local Chain;2,08;0,0602;50,9;11,6;36,6;0;147,3;2,72;Above Median
Usta Dönerci;Baget Et Döner;459;51,3;6,06;22,03;320;Döner;Beef;Regular;Local Chain;1,43;0,0189;43,2;5,3;44,7;0;79,4;4,03;Below Median
Usta Dönerci;Pilav Üstü Et Döner;787,9;84,8;23,02;37,7;355;Döner;Beef;Regular;Local Chain;2,22;0,0648;43,1;11,7;43,1;0;145,5;2,44;Above Median
Usta Dönerci;Porsiyon Et Döner;654,3;62,9;21,02;33,6;355;Döner;Beef;Regular;Local Chain;1,84;0,0592;46,2;12,9;38,5;0;117,5;3,02;Above Median
Usta Dönerci;Dürüm Et Döner;952,3;81,8;25,05;52,6;355;Döner;Beef;Regular;Local Chain;2,68;0,0706;49,7;10,5;34,4;0;159,4;2,23;Above Median
Usta Dönerci;Adana Dürüm;735,6;67,9;31,05;29,01;300;Wrap/Dürüm;Beef;Regular;Local Chain;2,45;0,1035;35,5;16,9;36,9;0;128;2,34;Below Median
Usta Dönerci;Cheddar Peynirli Adana Dürüm;823,5;68,3;36,7;36,4;310;Wrap/Dürüm;Beef;Regular;Local Chain;2,66;0,1184;39,8;17,8;33,2;0;141,4;2,19;Below Median
Usta Dönerci;Adana Dürüm Kibrit Patatesli;793,8;77,7;32,3;30,09;305;Wrap/Dürüm;Beef;Regular;Local Chain;2,6;0,1059;34,1;16,3;39,2;0;140,1;2,18;Below Median
Usta Dönerci;Kids Et Döner Burger;242,2;29,01;9,01;10,01;285;Kids Menu;Beef;Regular;Local Chain;0,85;0,0316;37,2;14,9;47,9;0;48;5,94;Below Median
Usta Dönerci;Kids Tavuk Döner Burger;225,7;29,01;13,05;6,03;260;Kids Menu;Chicken;Regular;Local Chain;0,87;0,0502;24;23,1;51,4;0;48,1;5,41;Below Median
Usta Dönerci;Tombik Köfte;623,1;63,7;21,02;31,01;295;Döner;Beef;Regular;Local Chain;2,11;0,0713;44,8;13,5;40,9;0;115,7;2,55;Below Median
Usta Dönerci;Kibrit Patatesli Köfte Dürüm;841,9;79,7;25,02;39;305;Wrap/Dürüm;Beef;Regular;Local Chain;2,76;0,082;41,7;11,9;37,9;0;143,7;2,12;Below Median
Usta Dönerci;Kibrit Patatesli Cheddarlı Köfte Dürüm;929,8;80;30,04;46,2;310;Wrap/Dürüm;Beef;Regular;Local Chain;3;0,0969;44,7;12,9;34,4;0;156,2;1,98;Below Median
Usta Dönerci;Köfte Dürüm;781,9;69,5;24,06;37,2;295;Wrap/Dürüm;Beef;Regular;Local Chain;2,65;0,0816;42,8;12,3;35,6;0;130,8;2,26;Below Median
Usta Dönerci;Cheddarlı Köfte Dürüm;871,2;71,5;28,03;50,7;310;Wrap/Dürüm;Beef;Regular;Local Chain;2,81;0,0904;52,4;12,9;32,8;0;150,2;2,06;Below Median
Usta Dönerci;500 gram Et Döner;1405;0;65;125;985;Bulk Portion;Beef;Regular;Local Chain;1,43;0,066;80,1;18,5;0;0;190;5,18;Above Median
Usta Dönerci;1000 gram Et Döner;2810;0;130;250;1820;Bulk Portion;Beef;Large;Local Chain;1,54;0,0714;80,1;18,5;0;0;380;4,79;Above Median
Usta Dönerci;500 gram Tavuk Döner;1130;0,1;137,3;60,6;610;Bulk Portion;Chicken;Regular;Local Chain;1,85;0,2251;48,3;48,6;0;0;198;3,08;Above Median
Usta Dönerci;1000 gram Tavuk Döner;2260;0,1;274,6;121,2;1040;Bulk Portion;Chicken;Large;Local Chain;2,17;0,264;48,3;48,6;0;0;395,9;2,63;Above Median